Download.Source,TLD,Download.Speed,Executable.Code.Maybe.Present.in.Headers,Actually.Malicious
Well Known Software Download Websites,.net,Less than 100 KB/s,NO,YES
Linked Directly to Google Search Result,.gov,Less than 100 KB/s,NO,YES
Linked Directly to Google Search Result,.com,Less than 100 KB/s,NO,YES
Well Known Software Download Websites,.gov,Less than 100 KB/s,YES,YES
Wordpress Powered Web Site,.edu,Less than 100 KB/s,NO,YES
Well Known Software Download Websites,.edu,Less than 100 KB/s,NO,YES
Linked Directly to Google Search Result,.gov,1MB/s to 10MB/s,NO,NO
Well Known Software Download Websites,.net,1MB/s to 10MB/s,YES,YES
Linked Directly to Google Search Result,.net,1MB/s to 10MB/s,NO,YES
Linked Directly to Google Search Result,.com,1MB/s to 10MB/s,YES,NO
Wordpress Powered Web Site,.net,1MB/s to 10MB/s,YES,NO
Linked Directly to Google Search Result,.net,Less than 100 KB/s,NO,NO
Wordpress Powered Web Site,.net,Less than 100 KB/s,NO,YES
Linked Directly to Google Search Result,.edu,Less than 100 KB/s,YES,YES
Linked Directly to Google Search Result,.com,1MB/s to 10MB/s,YES,NO
Well Known Software Download Websites,.net,Less than 100 KB/s,NO,NO
Well Known Software Download Websites,.edu,Less than 100 KB/s,NO,NO
